{"cameraMode":{"drawMode":31,"name":"Sprite Mask","section":"Miscellaneous"},"sceneLighting":true,"audioPlay":false,"sceneViewState":{"showFog":true,"showMaterialUpdate":false,"showSkybox":true,"showFlares":true,"showImageEffects":true,"showParticleSystems":true},"in2DMode":false,"pivot":{"x":0.6005291938781738,"y":0.5248818397521973,"z":-0.4889174699783325},"rotation":{"x":-0.04432961344718933,"y":0.9555709958076477,"z":-0.21299147605895997,"w":-0.19888144731521607},"size":7.5598649978637699,"orthographic":false}